id,E,A,C,N,O
U001,7.0,7.0,6.5,4.5,5.5
U002,7.0,9.0,8.5,4.0,5.5
U003,9.0,5.5,10.0,2.0,6.0
U004,8.5,9.0,7.5,3.5,7.0
U005,2.5,3.5,6.5,8.0,5.0
U006,7.5,7.5,5.5,3.0,6.0
U007,7.5,6.0,5.0,4.5,4.5
U008,6.5,8.0,6.0,4.0,7.0
U009,6.5,6.0,5.0,4.5,5.0
U010,8.0,8.5,8.5,5.5,5.5
U011,5.0,6.5,7.5,8.5,5.5
U012,2.0,6.5,5.5,3.0,6.0
U013,4.5,6.0,5.0,5.0,5.0
U014,5.5,8.5,6.5,7.5,3.5
U015,7.5,8.5,8.5,4.0,6.5
U016,5.5,6.0,6.5,4.0,7.0
U017,7.0,6.5,8.0,6.0,8.0
U018,10.0,7.0,6.5,1.5,5.0
